[
  {
    "id": "e3fc506f-a2b9-47c1-bffa-f55e83945d01",
    "data": [
      {
        "text": "price of ",
        "userDefined": false
      },
      {
        "text": "goldcoin",
        "alias": "coinname",
        "meta": "@sys.any",
        "userDefined": true
      }
    ],
    "isTemplate": false,
    "count": 0,
    "updated": 1547609741
  },
  {
    "id": "b056062c-b54d-4f3d-8cac-e44b32698646",
    "data": [
      {
        "text": "can you find price of ",
        "userDefined": false
      },
      {
        "text": "litecoin",
        "alias": "coinname",
        "meta": "@sys.any",
        "userDefined": true
      }
    ],
    "isTemplate": false,
    "count": 0,
    "updated": 1547609741
  },
  {
    "id": "27325578-44ac-4702-b326-13e1bacc02df",
    "data": [
      {
        "text": "whats is the price of ",
        "userDefined": false
      },
      {
        "text": "bitcoin",
        "alias": "coinname",
        "meta": "@sys.any",
        "userDefined": true
      }
    ],
    "isTemplate": false,
    "count": 0,
    "updated": 1547609741
  }
]